date,symbol,open,high,low,close,volume
2025-01-01,DEMO,100,102,99,101,1000
2025-01-02,DEMO,101,103,100,102,1100
2025-01-03,DEMO,102,104,101,103,1200
2025-01-04,DEMO,103,105,102,104,1300
2025-01-05,DEMO,104,106,103,105,1400
2025-01-06,DEMO,105,107,104,106,1500
2025-01-07,DEMO,106,108,105,107,1600
2025-01-08,DEMO,107,109,106,108,1700
2025-01-09,DEMO,108,110,107,109,1800
2025-01-10,DEMO,109,111,108,110,1900
2025-01-11,DEMO,110,112,109,111,2000
2025-01-12,DEMO,111,113,110,112,2100
2025-01-13,DEMO,112,114,111,113,2200
2025-01-14,DEMO,113,115,112,114,2300
2025-01-15,DEMO,114,116,113,115,2400
2025-01-16,DEMO,115,117,114,116,2500
2025-01-17,DEMO,116,118,115,117,2600
2025-01-18,DEMO,117,119,116,118,2700
2025-01-19,DEMO,118,120,117,119,2800
2025-01-20,DEMO,119,121,118,120,2900
2025-01-21,DEMO,120,122,119,121,3000
2025-01-22,DEMO,121,123,120,122,3100
2025-01-23,DEMO,122,124,121,123,3200
2025-01-24,DEMO,123,125,122,124,3300
2025-01-25,DEMO,124,126,123,125,3400
2025-01-26,DEMO,125,127,124,126,3500
2025-01-27,DEMO,126,128,125,127,3600
2025-01-28,DEMO,127,129,126,128,3700
2025-01-29,DEMO,128,130,127,129,3800
2025-01-30,DEMO,129,131,128,130,3900

